config,threshold,folds,solusdt_trades,solusdt_raw_R,solusdt_cost_adj_R,solusdt_2x_cost_R
P0_baseline,0.55,6,202,0.069773,0.017385,-0.035003
4_folds,0.55,4,255,-0.096156,-0.152122,-0.208088
8_folds,0.55,8,182,-0.019521,-0.074333,-0.129145
th_0.50,0.50,6,881,0.014604,-0.042405,-0.099414
th_0.45,0.45,6,2269,-0.048776,-0.114077,-0.179378
4f_th_0.50,0.50,4,910,-0.065585,-0.123845,-0.182105
