{
  "run_timestamp": "2026-07-08T15:03:43Z",
  "iterations": 30,
  "sample_size": 2000,
  "real_baseline": {
    "trade_count": 1992,
    "raw_mean_R": -0.115129,
    "cost_adjusted_R": -0.167517,
    "promoted": false
  },
  "null_test": {
    "n_completed": 30,
    "n_promoted": 0,
    "false_positive_rate": 0.0
  },
  "null_cost_adj_R_values": [
    -0.15262,
    -0.127879,
    -0.120338,
    -0.129078,
    -0.138901,
    -0.125136,
    -0.142291,
    -0.139326,
    -0.126821,
    -0.14206,
    -0.115963,
    -0.142963,
    -0.152229,
    -0.112343,
    -0.152893,
    -0.133267,
    -0.131311,
    -0.158928,
    -0.147485,
    -0.138785,
    -0.127487,
    -0.143579,
    -0.140822,
    -0.124426,
    -0.107402,
    -0.148725,
    -0.123152,
    -0.138521,
    -0.153876,
    -0.127644
  ],
  "verdict": "TEMIZ",
  "elapsed_seconds": 243.37
}