{
  "config": {
    "mode": "SCALP",
    "symbols": [
      "BTCUSDT",
      "ETHUSDT",
      "SOLUSDT",
      "BNBUSDT"
    ],
    "interval": "1h",
    "n_folds": 6
  },
  "variant_a_3class_baseline": {
    "aggregate": {
      "accuracy": 0.426,
      "balanced_accuracy": 0.3402,
      "n_correct": 16186,
      "n_total": 37998,
      "per_class_acc": {
        "class_0": 0.5067201732594433,
        "class_1": 0.505748547410063,
        "class_2": 0.008005227903937265
      },
      "confusion_matrix": [
        [
          7955,
          7657,
          87
        ],
        [
          7905,
          8182,
          91
        ],
        [
          3004,
          3068,
          49
        ]
      ],
      "net_r_mean": 0.007551,
      "net_r_sum": 122.223914,
      "net_r_std": 0.005105,
      "active_trade_count": 37998,
      "exposure_pct": 100.0,
      "label_names": {
        "0": "LONG",
        "1": "SHORT",
        "2": "NO_TRADE"
      }
    }
  },
  "variant_b_direction_only": {
    "aggregate": {
      "accuracy": 0.4326,
      "balanced_accuracy": 0.3439,
      "n_correct": 16437,
      "n_total": 37998,
      "per_class_acc": {
        "class_0": 0.5329638830498757,
        "class_1": 0.4988255655828903,
        "class_2": 0.0
      },
      "confusion_matrix": [
        [
          8367,
          7332,
          0
        ],
        [
          8108,
          8070,
          0
        ],
        [
          3107,
          3014,
          0
        ]
      ],
      "net_r_mean": 0.00758,
      "net_r_sum": 124.591454,
      "net_r_std": 0.005168,
      "active_trade_count": 37998,
      "exposure_pct": 100.0,
      "label_names": {
        "0": "LONG",
        "1": "SHORT"
      }
    }
  },
  "variant_c_actionability": {
    "aggregate": {
      "accuracy": 0.8389,
      "balanced_accuracy": 0.5001,
      "n_correct": 31877,
      "n_total": 37998,
      "per_class_acc": {
        "class_0": 0.00016337199803953602,
        "class_1": 0.9999686294193305
      },
      "confusion_matrix": [
        [
          1,
          6120
        ],
        [
          1,
          31876
        ]
      ],
      "net_r_mean": 0.007541,
      "net_r_sum": 240.379687,
      "net_r_std": 0.005008,
      "active_trade_count": 37998,
      "exposure_pct": 100.0,
      "label_names": {
        "0": "NO_TRADE",
        "1": "TRADE"
      },
      "trade_recall": 0.9999686294193305,
      "no_trade_recall": 0.00016337199803953602
    }
  },
  "variant_d_two_stage": {
    "aggregate": {
      "accuracy": 0.4326,
      "balanced_accuracy": 0.344,
      "n_correct": 16438,
      "n_total": 37998,
      "per_class_acc": {
        "class_0": 0.5329638830498757,
        "class_1": 0.4988255655828903,
        "class_2": 0.00016337199803953602
      },
      "confusion_matrix": [
        [
          8367,
          7331,
          1
        ],
        [
          8108,
          8070,
          0
        ],
        [
          3107,
          3013,
          1
        ]
      ],
      "net_r_mean": 0.007579,
      "net_r_sum": 124.591454,
      "net_r_std": 0.005168,
      "active_trade_count": 37998,
      "exposure_pct": 100.0,
      "label_names": {
        "0": "LONG",
        "1": "SHORT",
        "2": "NO_TRADE"
      }
    }
  }
}