{
  "gpu": "{'tree_method': 'hist', 'device': 'cuda'}",
  "scalp_times": {
    "features": 11.110867349000046,
    "build_frame": 2.274144230000047,
    "xgb_training_total": 5.63995579199991,
    "xgb_training_per_fold": [
      1.156766707000088,
      1.0952617709999686,
      0.9074347069999931,
      0.7862159169999359,
      0.7841101100000287,
      0.9101665799998955
    ],
    "xgb_training_avg": 0.939992631999985,
    "total_train_rows": 41049,
    "total_seconds": 19.024967371000002
  }
}